ObjectId,Status,FailureReason
jdoe@jwsecuritylab.onmicrosoft.com,Success,
jsmith@jwsecuritylab.onmicrosoft.com,Success,
ajohnson@jwsecuritylab.onmicrosoft.com,Success,
bbrown@jwsecuritylab.onmicrosoft.com,Success,
cdavis@jwsecuritylab.onmicrosoft.com,Success,
dprince@jwsecuritylab.onmicrosoft.com,Success,
ewright@jwsecuritylab.onmicrosoft.com,Success,
fgallagher@jwsecuritylab.onmicrosoft.com,Success,
gcostanza@jwsecuritylab.onmicrosoft.com,Success,
habbott@jwsecuritylab.onmicrosoft.com,Success,
